ID,Name_lang,Description_lang,CompletionPlayerConditionID,Flags,QuestID,PlayerConditionID,Field_10_2_7_54171_005
1,Опорный пункт в диких краях,,0,8,0,0,0
18,Осада цитадели Камнерогов,,0,8,0,0,0
19,Оборона Вор'гола,,0,8,0,0,0
20,Месть Га'нара,,0,8,0,0,0
21,Поверженный гром,,0,8,0,0,0
22,Битва за Грозовой перевал,,0,8,0,0,0
23,Создание форпоста,,0,8,0,0,0
24,Битва за Шаттрат,,0,8,0,0,0
25,Бедствия араккоа,,0,8,0,0,0
26,В тенях Аукиндона,,0,8,0,0,0
27,Сражение с кланом Песни Войны,,0,8,0,0,0
28,Сражение с кланом Песни Войны,,0,8,0,0,0
29,Трон Стихий,,0,8,0,0,0
30,Трон Стихий,,0,8,0,0,0
31,В тенях Аукиндона,,0,8,0,0,0
32,Битва за Шаттрат,,0,8,0,0,0
33,Создание форпоста,,0,8,0,0,0
34,Тени сгущаются,,0,8,0,0,0
35,Гарнизон адмирала Тейлора,,0,8,0,0,0
36,Гарнизон адмирала Тейлора,,0,8,0,0,0
37,Тайны жрецов Когтя,,0,8,0,0,0
38,Боги Арака,,0,8,0,0,0
39,Опорный пункт в диких краях,,0,8,0,0,0
40,Пробуждение теней,,0,8,0,0,0
41,Совет экзархов,,0,8,0,0,0
42,Ботани в цвету,,0,8,0,0,0
43,Темная сторона Луны,,0,8,0,0,0
44,Свет Карабора,,0,8,0,0,0
45,Мрак отступает,,0,8,0,0,0
46,Наследие апекситов,,0,8,0,0,0
47,Легенда Терокка,,0,8,0,0,0
48,Обустройство Павшего Топора,,0,8,0,0,0
49,Защита Южного порта,,0,8,0,0,0
50,Мастерская Паросвистов,,0,8,0,0,0
51,Когда ворон проглотит солнце,,0,8,0,0,0
52,Нам нужен аванпост,,0,8,0,0,0
53,Поддержка гарнизона,,0,8,0,0,0
54,Поддержка гарнизона,,0,8,0,0,0
55,В землях великанов,,0,8,0,0,0
56,В землях великанов,,0,8,0,0,0
57,Обустройство крепости,,0,8,0,0,0
58,По следу тени,,0,8,0,0,0
59,По следу тени,,0,8,0,0,0
60,Темный портал,,0,8,0,0,0
61,Кровавая Глазница,,0,8,0,0,0
62,Изувеченная Длань,,0,8,0,0,0
63,Призрачная Луна,,0,8,0,0,0
64,Черная гора,,0,8,0,0,0
65,Бегство из Танаана,,0,8,0,0,0
68,Железный Подступ,,0,8,0,0,0
69,Железный Подступ,,0,8,0,0,0
70,Гарнизонная кампания,,0,8,0,0,0
71,Гарнизонная кампания,,0,8,0,0,0
82,Охота за Приливным Камнем,,0,8,0,0,0
84,Кровавая Глазница,,0,8,0,0,0
85,Кровавая Глазница,,0,8,0,0,0
86,Серебряная Длань,,0,8,0,0,0
87,Испепелитель,,0,8,0,0,0
89,Речной Рог,,0,8,0,0,0
90,Ключ к защите от Легиона,,0,8,0,0,0
93,Племя Небесного Рога,,0,8,0,0,0
94,Кузнечное дело Legion,,0,8,0,0,0
95,Горное дело Legion,,0,8,0,0,0
96,Портняжное дело Legion,,0,8,0,0,0
97,Алхимия Legion,,0,8,0,0,0
99,Гарнизонная кампания,,0,8,0,0,0
100,Гарнизонная кампания,,0,8,0,0,0
101,Гарнизонная кампания,,0,8,0,0,0
102,Гарнизонная кампания,,0,8,0,0,0
103,Гарнизонная кампания,,0,8,0,0,0
104,Гарнизонная кампания,,0,8,0,0,0
105,Гарнизонная кампания,,0,8,0,0,0
106,Гарнизонная кампания,,0,8,0,0,0
107,Гарнизонная кампания,,0,8,0,0,0
108,Гарнизонная кампания,,0,8,0,0,0
109,Гарнизонная кампания,,0,8,0,0,0
110,Гарнизонная кампания,,0,8,0,0,0
111,Гарнизонная кампания,,0,8,0,0,0
112,Гарнизонная кампания,,0,8,0,0,0
113,Гарнизонная кампания,,0,8,0,0,0
114,Гарнизонная кампания,,0,8,0,0,0
115,Гарнизонная кампания,,0,8,0,0,0
116,Гарнизонная кампания,,0,8,0,0,0
117,Гарнизонная кампания,,0,8,0,0,0
118,Гарнизонная кампания,,0,8,0,0,0
119,Гарнизонная кампания,,0,8,0,0,0
120,Гарнизонная кампания,,0,8,0,0,0
121,Кровожад,,0,8,0,0,0
122,Кровожад,,0,8,0,0,0
123,В поисках Искара,,0,8,0,0,0
124,Гул'дан – финал,,0,8,0,0,0
125,В поисках Искара,,0,8,0,0,0
126,Гул'дан – финал,,0,8,0,0,0
127,Флот Отрекшихся,,0,8,0,0,0
128,"Место падения ""Небесного огня""",,0,8,0,0,0
129,Испытание мощи,,0,8,0,0,0
130,Гамбит Седогрива,,0,8,0,0,0
131,Гамбит Седогрива,,0,8,0,0,0
132,Испытание воли,,0,8,0,0,0
133,Испытание воли,,0,8,0,0,0
134,Испытание доблести,,0,8,0,0,0
135,В Хельхейм и обратно,,0,8,0,0,0
136,Секрет дев щита,,0,8,0,0,0
137,Секрет дев щита,,0,8,0,0,0
138,Защитник Штормхейма,,0,8,0,0,0
139,Знакомство с причалом и обучающий сценарий по пристани – Орда,,0,8,0,0,0
140,Знакомство с причалом и обучающий сценарий по пристани – Альянс,,0,8,0,0,0
141,Вторжение в Танаан – Орда,,0,8,0,0,0
142,Вторжение в Танаан – Альянс,,0,8,0,0,0
143,Плоскогорье Слепящих Снегов,,0,8,0,0,0
144,Племя Речной Гривы,,0,8,0,0,0
145,Племя Кровавого Тотема,,0,8,0,0,0
146,Война Хална,,0,8,0,0,0
148,Секреты Крутогорья,,0,8,0,0,0
149,Некоронованная,,0,8,0,0,0
150,Казематы Стражей,,0,8,0,0,0
152,Сумерки,,0,8,0,0,0
153,Наследие Кел'даната,,0,8,0,0,0
154,Телемант,,0,8,0,0,0
155,Питание Шал'Арана,,0,8,0,0,0
156,Маскарадное платье,,0,8,0,0,0
158,Древний дар,,0,8,0,0,0
159,Парные клинки Искусителя,,0,8,0,0,0
160,Альдрахийские боевые клинки,,0,8,0,0,0
161,Иллидари,,0,8,0,0,0
162,Клинки Ужаса,,0,8,0,0,0
163,Клыки Пожирателя,,0,8,0,0,0
164,"Г'ханир, Изначальное Древо",,0,8,0,0,0
165,Мощь Титанов,,0,8,0,0,0
166,"Алунет, великий посох Магны",,0,8,0,0,0
167,Когти Урсока,,0,8,0,0,0
168,Клинки падшего принца,,0,8,0,0,0
169,Проклятый Пожиратель,,0,8,0,0,0
170,Черный Клинок,,0,8,0,0,0
171,Роща Снов,,0,8,0,0,0
172,Орден Павшего Храма,,0,8,0,0,0
173,Наследие Ветрокрылых,,0,8,0,0,0
174,Незримый путь,,0,8,0,0,0
175,Наложение чар Legion,,0,8,0,0,0
176,Инженерное дело Legion,,0,8,0,0,0
177,Начертание Legion,,0,8,0,0,0
178,Ювелирное дело Legion,,0,8,0,0,0
179,Кожевничество Legion,,0,8,0,0,0
180,Травничество Legion,,0,8,0,0,0
181,Снятие шкур Legion,,0,8,0,0,0
182,Археология Legion,,0,8,0,0,0
183,Убийцы Королей,,0,8,0,0,0
184,Зов природы,,0,8,0,0,0
185,Верховный друид долины,,0,8,0,0,0
186,Верховный друид-хищник,,0,8,0,0,0
187,Верховный друид мудрости,,0,8,0,0,0
188,Погружение в Кошмар,,0,8,0,0,0
189,Весь Кошмар напролет,,0,8,0,0,0
190,Весь Кошмар напролет,,0,8,0,0,0
191,Браденсбрук,,0,8,0,0,0
192,Крепость Черной Ладьи,,0,8,0,0,0
193,Клыки Пеплошкурой,,0,8,0,0,0
194,"Фу Цань, Спутник Странников",,0,8,0,0,0
195,Кулаки Небес,,0,8,0,0,0
196,Орден Павшего Храма,,0,8,0,0,0
197,Судьба иллидари,,0,8,0,0,0
198,Чемпион Альянса,,0,8,0,0,0
199,Чемпионы Орды,,0,8,0,0,0
200,"""Лунный полумрак""",,0,8,0,0,0
201,Кровь и вино,,0,8,0,0,0
202,Искусство политики,,0,8,0,0,0
203,Боль от роста,,0,8,0,0,0
204,Смена времен года,,0,8,0,0,0
205,Баланс сил,,0,40,0,0,0
206,Истоки,,0,8,0,0,0
207,Совет Мрачной Жатвы,,0,8,0,0,0
208,"Ултхалеш, Жнец Мертвого Ветра",,0,8,0,0,0
209,Апокалипсис,,0,8,0,0,0
210,Коса Элуны,,0,8,0,0,0
211,Исследование артефакта,,0,8,0,0,0
212,Сага о Теневом клинке,,0,8,0,0,0
213,Стать валарьяром,,0,8,0,0,0
214,Стать валарьяром,,0,8,0,0,0
215,Охотник на героев,,0,8,0,0,0
216,Меч королей,,0,8,0,0,0
217,Наследие Ледолома,,0,8,0,0,0
218,Свет и Бездна,,0,8,0,0,0
219,Клинок в сумерках,,0,8,0,0,0
220,Хищный Коготь,,0,8,0,0,0
221,Страж Истины,,0,8,0,0,0
222,Серебряная Длань,,0,8,0,0,0
223,Полярная Ночь,,0,8,0,0,0
224,Скипетр Саргераса,,0,8,0,0,0
225,Оборона покоя Лазурного Крыла,,0,8,0,0,0
226,Борьба с великанами,,0,8,0,0,0
227,"Мак'рана и судьба ""Мести королевы""",,0,8,0,0,0
228,Глаза в лесных тенях,,0,8,0,0,0
229,Возрождение Совета,,0,8,0,0,0
230,Исполняя пророчество,,0,8,0,0,0
231,Повелители элементалей,,0,8,0,0,0
232,Четыре Всадника,,0,8,0,0,0
234,Путешествие великого мастера,,0,8,0,0,0
235,Вечный сон,,0,8,0,0,0
236,Дорога Света,,0,8,0,0,0
237,Возвращение Стражей Тирисфаля,,0,8,0,0,0
238,Хроники Небесной Цитадели,,0,8,0,0,0
239,Ярость Света,,0,8,0,0,0
240,События запуска обновления Legion – неделя 1,,0,8,0,0,0
241,События запуска обновления Legion – неделя 2,,0,8,0,0,0
242,События запуска обновления Legion – неделя 3,,0,8,0,0,0
243,Т'ууре,,0,8,0,0,0
244,Фело'мелорн,,0,8,0,0,0
245,Череп Ман'ари,,0,8,0,0,0
246,Посох Туманов,,0,8,0,0,0
247,Легендарное оружие,,0,8,0,0,0
248,Возрождение Стражей Тирисфаля,,0,8,0,0,0
249,Горное дело Legion,,0,8,0,0,0
250,Горное дело Legion,,0,8,0,0,0
251,Снятие шкур Legion,,0,8,0,0,0
252,Снятие шкур Legion,,0,8,0,0,0
253,Травничество Legion,,0,8,0,0,0
254,Травничество Legion,,0,8,0,0,0
255,Травничество Legion,,0,8,0,0,0
256,Травничество Legion,,0,8,0,0,0
257,Травничество Legion,,0,8,0,0,0
258,События запуска обновления Legion – неделя 2,,0,8,0,0,0
259,События запуска обновления Legion – неделя 1,,0,8,0,0,0
260,События запуска обновления Legion – неделя 1,,0,8,0,0,0
261,События запуска обновления Legion – неделя 1,,0,8,0,0,0
262,События запуска обновления Legion – неделя 1,,0,8,0,0,0
263,События запуска обновления Legion – неделя 1,,0,8,0,0,0
264,Несломленные Служители,,0,8,0,0,0
265,Зов Молота Рока,,0,8,0,0,0
266,Глас Грома,,0,8,0,0,0
267,Мощь Азшары,,0,8,0,0,0
268,Твой высочайший потенциал,,0,8,0,0,0
269,Наследие Ветрокрылых,,0,8,0,0,0
270,Наследие Ветрокрылых,,0,8,0,0,0
271,Путь охотника,,0,8,0,0,0
272,Древнее оружие,,0,8,0,0,0
273,Черный клинок,,0,8,0,0,0
274,Фолиант орудий погибели,,0,8,0,0,0
275,Локальные задания обновления 7.0,,0,8,0,0,0
276,Портняжное дело Legion,,0,8,0,0,0
277,Наступление на Расколотом берегу,,0,8,0,0,0
278,Испытание Совета,,0,8,0,0,0
279,Ответ Элисанды,,0,8,0,0,0
280,"Посмотрим, чего ты стоишь",,0,8,0,0,0
282,Проблема эльфов,,0,8,0,0,0
283,Кузницы победы,,0,8,0,0,0
284,Марш на Сурамар,,0,8,0,0,0
285,Изоляция,,0,8,0,0,0
286,Пропавшие без вести,,0,8,0,0,0
287,Растущий полумесяц,,0,8,0,0,0
288,Сила духа и воли,,0,8,0,0,0
289,Укротители боевых питомцев,,0,8,0,0,0
290,Укротители боевых питомцев,,0,8,0,0,0
291,Подозрительные боеприпасы,,0,8,0,0,0
292,Штурм Цитадели Ночи,,0,8,0,0,0
293,Возвращение верховного лорда,,0,8,0,0,0
294,Возвращение в Каражан,,0,8,0,0,0
295,Инновации титанических масштабов,,0,8,0,0,0
296,Угроза червей Скверны,,0,8,0,0,0
297,Классовое средство передвижения: маг,,0,8,0,0,0
300,Укротители боевых питомцев,,0,8,0,0,0
302,Классовое средство передвижения: паладин,,0,8,0,0,0
303,Классовое средство передвижения: воин,,0,8,0,0,0
304,Угроза Черной Ладьи,,0,8,0,0,0
305,Атака Легиона – Штормхейм,,0,8,0,0,0
306,Атака Легиона – Азсуна,,0,8,0,0,0
307,Атака Легиона – Крутогорье,,0,8,0,0,0
308,Атака Легиона – Валь'шара,,0,8,0,0,0
309,"Кампания ""Погибель Легиона""",,0,8,0,0,0
310,Испытание: королева-богиня,,0,8,0,0,0
311,Испытание: мать бесов,,0,8,0,0,0
312,Испытание: близнецы,,0,8,0,0,0
313,Испытание: Ксилем,,0,8,0,0,0
314,Защитник: Ахалаймахалай,,0,8,0,0,0
315,Классовое средство передвижения: чернокнижник,,0,8,0,0,0
316,Классовое средство передвижения: монах,,0,8,0,0,0
318,Добро пожаловать в Зандалар,"Заключив союз с островным государством зандаларов, мы получим их легендарный флот – и преимущество перед Альянсом.",0,8,0,0,0
319,Раскопки,,0,8,0,0,0
320,"Назмир, Темные джунгли",,0,8,0,0,0
321,Археология Legion,,0,8,0,0,0
322,Археология Legion,,0,8,0,0,0
323,Археология Legion,,0,8,0,0,0
324,Археология Legion,,0,8,0,0,0
325,Археология Legion,,0,8,0,0,0
326,Археология Legion,,0,8,0,0,0
327,Археология Legion,,0,8,0,0,0
328,Археология Legion,,0,8,0,0,0
329,Археология Legion,,0,8,0,0,0
330,Археология Legion,,0,8,0,0,0
331,Археология Legion,,0,8,0,0,0
332,Археология Legion,,0,8,0,0,0
333,Археология Legion,,0,8,0,0,0
334,Пророки и пророчества,,0,8,0,0,0
335,Сделка со смертью,,0,8,0,0,0
336,Охота на Иллидана Ярость Бури,,0,8,0,0,0
338,Совет Занчули,,0,8,0,0,0
339,Уборка Тел'анора,,0,8,0,0,0
340,"Губитель ""Губителя Света""",,0,8,0,0,0
341,Ярл Яндвика,,0,8,0,0,0
342,Цитадель Лунных стражей,,0,8,0,0,0
343,Великий день,,0,8,0,0,0
344,Вершина Избавления,,0,8,0,0,0
345,Атака на Аргус,,0,8,0,0,0
346,На Аргус!,,0,8,0,0,0
347,Путь короля,,0,8,0,0,0
348,Мать Света,,0,8,0,0,0
349,Среди народа,,0,8,0,0,0
350,Предупреждение Азерота,,0,8,0,0,0
351,Классовое средство передвижения: рыцарь смерти,,0,8,0,0,0
352,Смерти Хроми,,0,8,0,0,0
353,Штурм крепости Нат'ракса,,0,8,0,0,0
354,Взрывная доставка,,0,8,0,0,0
355,Демонский побег из тюрьмы,,0,8,0,0,0
357,Алхимия Legion,,0,8,0,0,0
358,Кузнечное дело Legion,,0,8,0,0,0
359,Инженерное дело Legion,,0,8,0,0,0
360,Кузнечное дело Legion,,0,8,0,0,0
361,Ювелирное дело Legion,,0,8,0,0,0
362,Кожевничество Legion,,0,8,0,0,0
363,Портняжное дело Legion,,0,8,0,0,0
364,Кузнечное дело Legion,,0,8,0,0,0
365,Окаменевший лес,,0,8,0,0,0
366,Корона Триумвирата,,0,8,0,0,0
367,Скитальцы во Вселенной,,0,8,0,0,0
368,Тень Эредата,,0,8,0,0,0
369,Порталы вторжения,,0,8,0,0,0
370,Маяк озаренных: центр города,,0,8,0,0,0
371,Сердце Аргуса,,0,8,0,0,0
372,Тигель света Пустоты,,0,8,0,0,0
373,Военный порт Растари,,0,8,0,0,0
374,Лоа-нетопырь,,0,8,0,0,0
375,"Следуй на восток, старый тортоллан",,0,8,0,0,0
376,Дуротар – тест,,0,8,0,0,0
377,Союзники Орды: Крутогорье,,0,8,0,0,0
381,Листопадная Бухта,,0,8,0,0,0
382,Мыс висельников,,0,8,0,0,0
383,Лощина Лучников,,0,8,0,0,0
384,Горный подъем,,0,8,0,0,0
386,Тлеющее ущелье,,0,8,0,0,0
390,Нагорье Арати,,0,8,0,0,0
396,Бесплодные земли,,0,8,0,0,0
398,Выжженные земли,,0,8,0,0,0
402,Пылающие степи,,0,8,0,0,0
403,Мыс Тернистой долины,,0,8,0,0,0
406,Восточные Чумные земли,,0,8,0,0,0
409,Предгорья Хилсбрада,,0,8,0,0,0
414,Северная Тернистая долина,,0,8,0,0,0
418,Западные Чумные земли,,0,8,0,0,0
421,Западный край,,0,8,0,0,0
425,Сумеречный лес,,0,8,0,0,0
426,Болото Печали,,0,8,0,0,0
432,Серебряный бор,,0,8,0,0,0
433,Красногорье,,0,8,0,0,0
434,Внутренние земли,,0,8,0,0,0
440,Минуты раздумий,,0,8,0,0,0
441,Лок Модан,,0,8,0,0,0
442,Дом в опасности,,0,8,0,0,0
443,Болотина,,0,8,0,0,0
444,Призрачные земли,,0,8,0,0,0
447,Великая гонка Гномрегана,,0,8,0,0,0
448,Полуостров Адского Пламени,,0,8,0,0,0
463,Зангартопь,,0,8,0,0,0
473,Лес Тероккар,,0,8,0,0,0
474,Острогорье,,0,8,0,0,0
486,Награнд,,0,8,0,0,0
488,Пустоверть,,0,8,0,0,0
493,Долина Призрачной Луны,,0,8,0,0,0
500,Азшара,,0,8,0,0,0
504,Остров Кровавой Дымки,,0,8,0,0,0
506,Силитус,,0,8,0,0,0
507,Оскверненный лес,,0,8,0,0,0
508,Зимние Ключи,,0,8,0,0,0
509,Северные степи,,0,8,0,0,0
510,Темные берега,,0,8,0,0,0
511,Танарис,,0,8,0,0,0
512,Кратер Ун'Горо,,0,8,0,0,0
514,"Ясеневый лес, Альянс",,0,8,0,0,0
515,"Ясеневый лес, все",,0,8,0,0,0
516,"Ясеневый лес, Орда",,0,8,0,0,0
517,"Когтистые горы, Альянс",,0,8,0,0,0
518,"Когтистые горы, Орда",,0,8,0,0,0
519,Южные степи,,0,8,0,0,0
520,Пустоши,,0,8,0,0,0
521,Тысяча Игл,,0,8,0,0,0
522,Повелитель лягушек,,0,8,0,0,0
523,Откровения титана,,0,8,0,0,0
524,Обескровливание троллей крови,,0,8,0,0,0
525,Фералас,,0,8,0,0,0
526,Пылевые топи,,0,8,0,0,0
527,Марш лоа,,0,8,0,0,0
528,Ревущий фьорд,,0,8,0,0,0
529,Драконий Погост,,0,8,0,0,0
530,Борейская тундра,,0,8,0,0,0
531,Союзники Орды: ночнорожденные,,0,8,0,0,0
532,Союзники Альянса: эльфы Бездны,,0,8,0,0,0
533,Союзники Альянса: озаренные дренеи,,0,8,0,0,0
534,Низина Шолазар,,0,8,0,0,0
535,Грозовая гряда,,0,8,0,0,0
536,Зул'Драк,,0,8,0,0,0
537,Седые холмы,,0,8,0,0,0
538,Ледяная Корона,,0,8,0,0,0
539,"Вайш'ир, лес Келп'тар и Мерцающий простор",,0,8,0,0,0
541,"Вайш'ир, Бездонные глубины",,0,8,0,0,0
542,Гора Хиджал,,0,8,0,0,0
543,"Подземье, война и боевые корабли",,0,8,0,0,0
544,"Подземье, Каменный трон",,0,8,0,0,0
545,Ульдум,,0,8,0,0,0
546,Сумеречное нагорье,,0,8,0,0,0
547,Нефритовый лес: Деревня Лап'дон,,0,8,0,0,0
548,Нефритовый лес: Церемония разговора с водой,,0,8,0,0,0
549,Нефритовый лес: Белая Пешка и Деревня Жемчужного Плавника,,0,8,0,0,0
550,"Нефритовый лес: Обломки ""Кулака Адского Крика""",,0,8,0,0,0
551,Нефритовый лес: Первый контакт,,0,8,0,0,0
552,Нефритовый лес: Необычные партнеры и Холм Грукин,,0,8,0,0,0
553,Нефритовый лес: Цветущая Заря и Монастырь Тянь,,0,8,0,0,0
554,"Нефритовый лес: Каменоломня Зеленой Скалы, Терраса Десяти Громов и Нефритовая Змея",,0,8,0,0,0
555,Долина Четырех Ветров: Луга Громовой Пяты,,0,8,0,0,0
556,Долина Четырех Ветров: Участок Грязной Кружки,,0,8,0,0,0
557,"Долина Четырех Ветров: Долина Четырех Ветров,",,0,8,0,0,0
558,"Долина Четырех Ветров: Хмелеварня Буйных Портеров, Тайный мастер и Охотничий лагерь Эрнестуэя",,0,8,0,0,0
559,Красарангские джунгли,,0,8,0,0,0
560,Вершина Кунь-Лай,,0,8,0,0,0
561,Танлунские степи,,0,8,0,0,0
562,Жуткие пустоши,,0,8,0,0,0
563,Дуротар,,0,8,0,0,0
564,Мулгор,,0,8,0,0,0
565,Тирисфальские леса,,0,8,0,0,0
566,Элвиннский лес,,0,8,0,0,0
567,Дун Морог,,0,8,0,0,0
568,Тельдрассил,,0,8,0,0,0
569,Леса Вечной Песни,,0,8,0,0,0
570,Остров Лазурной Дымки,,0,8,0,0,0
571,Затерянные острова,,0,8,0,0,0
572,Гилнеас,,0,8,0,0,0
573,Скитающийся остров,,0,8,0,0,0
574,Союзники Орды,,0,8,0,0,0
575,Союзники Альянса,,0,8,0,0,0
576,Силитус: Рана,,0,8,0,0,0
577,Забытая бухта,,0,8,0,0,0
578,Союзники Альянса,,0,8,0,0,0
579,Союзники Альянса,,0,8,0,0,0
580,Союзники Орды,,0,8,0,0,0
581,Союзники Орды,,0,8,0,0,0
582,Взятие Бреннадама,,0,8,0,0,0
583,Штурм лабиринта,,0,8,0,0,0
584,Приказы вождя,,0,8,0,0,0
585,Корпорация Эшвейнов,,0,8,0,0,0
586,Горстка выживших,,0,8,0,0,0
587,Вольная Гавань,,0,8,0,0,0
588,Защитники врат Дэлина,,0,8,0,0,0
589,Разделенное королевство,"Заключив союз с островным Кул-Тирасом, мы получим их легендарный флот – и преимущество перед Ордой.",0,8,0,0,0
590,Внутренние враги,,0,8,0,0,0
591,Поместье Норвингтонов,,0,8,0,0,0
592,Тень над Мысом Рыбака,,0,8,0,0,0
593,Экспедиция Огнелом,,0,8,0,0,0
594,Порт Зандалара,,0,8,0,0,0
595,Паутина лжи,,0,8,0,0,0
596,Духи Зо'бала,,0,8,0,0,0
597,Застава Арома,,0,8,0,0,0
598,Корлейн,,0,8,0,0,0
599,Верхний Корлейн,,0,8,0,0,0
600,Гол Озигр,,0,8,0,0,0
602,Багровый лес,,0,8,0,0,0
603,Сердце тьмы,Отправляйтесь вместе с Бранном Бронзобородом и его экспедицией в темные леса Назмира на поиски капитана Конрад. Остерегайтесь троллей крови.,0,8,52013,0,0
604,Плацдарм в Друстваре,Торговый принц Галливикс получил сведения о богатых залежах азерита в Друстваре. Вам предстоит его сопровождать.,0,8,51987,0,0
605,Неожиданные союзники,,0,8,0,0,0
606,Опасности пустыни,,0,8,0,0,0
607,Судьба мастера войны,,0,8,0,0,0
608,Город секретов,,0,8,0,0,0
609,Три хранителя,,0,8,0,0,0
610,Штурм шпиля,,0,8,0,0,0
611,Атул'Аман,,0,8,0,0,0
612,Побег из Штормграда,"Если они будут штурмовать Подгород, то мы атакуем Штормград. Пора вернуть наших воинов.",0,8,0,0,0
613,Пески Вол'дуна,"В Вол'дуне есть удобная бухта, где мог бы расположиться наш флот. Однако сначала нам придется разобраться с местными жителями – змееподобным народом, известным как ""сетраки"".",0,8,52008,0,0
614,Надвигающаяся буря,"Рексар уже обустроил аванпост в долине Штормов, однако его войска окружены врагом.",0,8,51753,0,0
615,Поручение короля,"Эту войну не выиграть в одиночку. Соберите союзников, которые будут сражаться на вашей стороне в битве с Ордой.",0,8,0,0,0
616,Объединение Кул-Тираса,"Прежде чем дать бой Орде, нам нужно укрепить союз с Кул-Тирасом.",0,8,51918,0,0
617,Объединение Зандалара,"Прежде чем дать бой Альянсу, нам нужно укрепить союз с зандаларами.",0,8,51916,0,0
618,Поручение вождя,"Эту войну не выиграть в одиночку. Соберите соратников, которые будут сражаться на вашей стороне в битве с Альянсом.",0,8,0,0,0
619,Островная экспедиция,"Мы обнаружили в море богатые залежи азерита! Капитан Флинн Фэйрвинд доставит вас туда на своем корабле ""Хламгман"".",0,8,51904,0,0
620,Островная экспедиция,"Мы обнаружили в море богатые залежи азерита! Капитан Рез'окун доставит вас туда на своем корабле ""Дыхание Па'ку"".",0,8,51888,0,0
621,Работа под прикрытием,"Дворфы из клана Черного Железа разбили лагерь в Зулдазаре, у самой столицы зандаларов. Они обнаружили там азерит, и им требуется помощь в обеспечении безопасности территории.",0,8,52003,0,0
622,Жизнь пирата – то что надо,Темный охотник Ту'джин установил контакт с мятежной пиратской командой на Тирагардском поморье. Это наш шанс закрепиться в самом сердце Кул-Тираса.,0,8,51975,0,0
623,Кул-тирасская кампания,Налаживание отношений с зандаларами идет хорошо. Однако Альянс собирается заключить союз с Кул-Тирасом и заручиться поддержкой его мощной армии. Этого нельзя допустить.,0,8,0,0,0
624,Кампания в Зандаларе,Налаживание отношений с Кул-Тирасом идет хорошо. Однако Орда собирается заключить союз с зандаларами и заручиться поддержкой их мощной армии. Этого нельзя допустить.,0,8,0,0,0
625,Первое нападение,Отправляйтесь с Натаносом Гнилостнем и Лилиан Восс в самое сердце Тирагардского поморья.,0,8,51601,0,0
626,Могила маршала,На кладбищах Друствара похоронено много кул-тирасских героев войны. Мы используем их тела... в стратегических целях.,0,8,51789,0,0
627,Смерть жреца моря,"Жрецы моря из долины Штормов обладают исключительной властью над морскими водами. Это как раз то, что нам нужно.",0,8,52122,0,0
628,Кровь на песке,"Нашей первой целью среди высокопоставленных подданных Орды станет Арлеталь Солнечный Страж, занимающий важный пост в Реликварии. Устранив его, мы покажем Орде, что от Альянса невозможно скрыться даже за океаном.",0,8,52146,0,0
629,Нападение на Боралус,"Теперь у нас есть подходящая наживка, чтобы выманить армию Кул-Тираса из Боралуса. Это поможет выиграть время для достижения нашей заветной цели – Скипетра Глубин.",0,8,53003,0,0
630,Алтарь Гниения,,0,8,0,0,0
631,Test Quest Line,,95789,8,52262,0,403592
632,В погоне за тьмой,"Второй нашей целью среди высокопоставленных ордынцев станет капитан следопытов Арейель, одна из приближенных Сильваны.",0,8,52219,0,0
633,Возможность озолотиться,"Разделимся. Шандриса выследит кровавого принца Древена, а вы с магистром Умбрием займетесь нашей третьей целью – торговым принцем Галливиксом.",0,8,52261,0,0
634,Пропуск на паром,,0,8,0,0,0
635,Битва за Лордерон,Орда удерживала Подгород слишком долго. Сегодня мы вернем Лордерон... За Альянс!,0,8,0,0,0
636,Битва за Лордерон,Армия Альянса приближается к Подгороду. Остановим наступление и уничтожим врага! За Орду!,0,8,0,0,0
637,Приказы вождя,,0,8,0,0,0
638,Кровь в воде,"Мы перехватили послание Орды. Там говорилось, что кровавый принц Древен сейчас на борту корабля Орды, совершающего плавание по Великому морю. От рук Древена погибло много наших товарищей. Пора ему ответить за это.",0,8,52496,0,0
734,Погибший вождь,,0,8,0,0,0
735,Месть за павших,,0,8,0,0,0
736,На дне морском,Тело знаменитого давно погибшего кул-тирасского капитана покоится на дне Великого моря. Нам нужно найти его.,0,8,52978,0,0
737,Нападение на Зулдазар,Мы заставили Орду уйти в оборону. Они сбиты с толку после серии наших успешных диверсий во всем Зандаларе. Пора нанести удар в самое сердце империи Зандалари.,0,8,52790,0,0
738,Война Голдфилда,,0,8,0,0,0
739,Критическая ситуация,,0,8,0,0,0
740,Задания в Мертвецкой Трясине,,0,8,0,0,0
741,Test Questline,,0,9,0,0,0
742,Кул-Тирас,,0,8,0,0,0
743,Сердце Азерот,"Магни принес дар, но вместе с ним и ужасную весть: Азерот гибнет.",0,8,51211,0,0
744,Цикл ненависти,,0,8,0,0,0
745,"""Гордость Кул-Тираса""",,0,8,0,0,0
746,Битва за Стромгард,Орда собирается напасть на крепость Стромгард. Приготовься к войне в Лордероне!,0,8,53198,0,0
747,Битва за Стромгард,Армия Альянса растянулась на всю длину фронта. Крепость Стромгард можно взять голыми руками. Приготовься к войне в Лордероне!,0,8,53212,0,0
748,8.0 Professions - Gathering - Herbalism - Kul Tiras - Akunda's Bite - SCS,,0,8,0,0,0
749,8.0 Professions - Gathering - Herbalism - Zandalar - Akunda's Bite - SCS,,0,8,0,0,0
750,8.0 Professions - Gathering - Herbalism - Kul Tiras - Anchor Weed  - SCS,,0,8,0,0,0
751,8.0 Professions - Gathering - Herbalism - Zandalar - Anchor Weed  - SCS,,0,8,0,0,0
752,8.0 Professions - Gathering - Herbalism - Kul Tiras - Riverbud - SCS,,0,8,0,0,0
753,8.0 Professions - Gathering - Herbalism - Kul Tiras - Sea Stalk - SCS,,0,8,0,0,0
754,8.0 Professions - Gathering - Herbalism - Kul Tiras - Siren's Pollen - SCS,,0,8,0,0,0
755,8.0 Professions - Gathering - Herbalism - Kul Tiras - Star Moss - SCS,,0,8,0,0,0
756,8.0 Professions - Gathering - Herbalism - Kul Tiras - Winter's Kiss - SCS,,0,8,0,0,0
757,8.0 Professions - Gathering - Herbalism - Zandalar - Riverbud - SCS,,0,8,0,0,0
758,8.0 Professions - Gathering - Herbalism - Zandalar - Sea Stalk - SCS,,0,8,0,0,0
759,8.0 Professions - Gathering - Herbalism - Zandalar - Siren's Pollen - SCS,,0,8,0,0,0
760,8.0 Professions - Gathering - Herbalism - Zandalar - Star Moss - SCS,,0,8,0,0,0
761,8.0 Professions - Gathering - Herbalism - Zandalar - Winter's Kiss - SCS,,0,8,0,0,0
762,8.0 Professions - Gathering - Mining - Zandalar - Monelite Deposit - SCS,,0,8,0,0,0
763,8.0 Professions - Gathering - Mining - Zandalar - Monelite Seam - SCS,,0,8,0,0,0
764,8.0 Professions - Gathering - Mining - Zandalar - Platinum Deposit - SCS,,0,8,0,0,0
765,8.0 Professions - Gathering - Mining - Zandalar - Storm Silver Deposit - SCS,,0,8,0,0,0
766,8.0 Professions - Gathering - Mining - Zandalar - Storm Silver Seam - SCS,,0,8,0,0,0
767,8.0 Professions - Gathering - Mining - Kul Tiras - Monelite Deposit - SCS,,0,8,0,0,0
768,8.0 Professions - Gathering - Mining - Kul Tiras - Monelite Seam - SCS,,0,8,0,0,0
769,8.0 Professions - Gathering - Mining - Kul Tiras - Platinum Deposit - SCS,,0,8,0,0,0
770,8.0 Professions - Gathering - Mining - Kul Tiras - Storm Silver Deposit - SCS,,0,8,0,0,0
771,8.0 Professions - Gathering - Mining - Kul Tiras - Storm Silver Seam - SCS,,0,8,0,0,0
772,8.0 Professions - Gathering - Skinnin - Kul Tiras - Bone - SCS,,0,8,0,0,0
773,8.0 Professions - Gathering - Skinnin - Kul Tiras - Leather - SCS,,0,8,0,0,0
774,8.0 Professions - Gathering - Skinnin - Kul Tiras - Scale - SCS,,0,8,0,0,0
775,8.0 Professions - Gathering - Skinnin - Zandalar - Bone - SCS,,0,8,0,0,0
776,8.0 Professions - Gathering - Skinnin - Zandalar - Leather - SCS,,0,8,0,0,0
777,8.0 Professions - Gathering - Skinnin - Zandalar - Scale - SCS,,0,8,0,0,0
779,Да здравствует Зандалар!,,0,8,0,0,0
780,Союзники Орды: маг'хары,,0,8,0,0,0
781,Союзники Альянса: дворфы из клана Черного Железа,,0,8,0,0,0
782,Награды завоевателя,,0,15,0,0,0
783,Союзники Альянса,,0,8,0,0,0
784,Союзники Орды,,0,8,0,0,0
785,Сердце Азерот,"Магни принес дар, но вместе с ним и ужасную весть: Азерот гибнет.",0,8,51211,0,0
787,Классовое средство передвижения: охотник на демонов,,0,8,0,0,0
788,Классовое средство передвижения: шаман,,0,8,0,0,0
789,Классовое средство передвижения: жрец,,0,8,0,0,0
790,Классовое средство передвижения: друид,,0,8,0,0,0
791,Классовое средство передвижения: охотник,,0,8,0,0,0
792,Классовое средство передвижения: разбойник,,0,8,0,0,0
793,Зандалар – выбор зоны,,0,8,0,0,0
794,Защита форта Дэлин,,0,8,0,0,0
795,Кровавые Врата,,0,8,0,0,0
796,Союзники Орды: вульперы,,0,8,0,0,0
797,В темнейшую ночь,,0,8,0,0,0
802,Бесчестье,Узнайте о судьбе Саурфанга после битвы за Лордерон.,0,8,0,0,0
803,Голос во тьме,,0,8,0,0,0
804,Традиционные доспехи дворфов,,0,8,0,0,0
805,Темный охотник,,0,8,0,0,0
810,Мое обезьянье дело,"Альянс готовится атаковать зандаларов, заручившись помощью двух гномов-инженеров и отважной гориллы.",0,8,54206,0,0
811,Традиционные доспехи эльфов крови,,0,8,0,0,0
815,Рейтинговая награда – средство передвижения,,0,8,0,0,0
838,Штурм поместья Норвингтонов,"Альянс и култирасцы хранят азеритовое оружие в поместье Норвингтонов. Если его похитить, можно переломить ход войны.",0,8,53981,0,0
839,Приключения Галливикса и ГМЖС,Галливиксу требуется помощь мехи смерти ГМЖС в его сражении с Альянсом.,0,8,54094,0,0
841,Ярость зандаларов,Альянс начал боевые действия против империи Зандалари! Войска Альянса пересекают Назмир под прикрытием таинственного тумана.,0,8,54282,0,0
842,На развилке,"Король Растахан мертв, а флот зандаларов понес тяжелейшие потери. Но, кажется, леди Сильвана Ветрокрылая знает, как восстановить силы Орды после этого поражения.",0,8,54165,0,0
843,Беги от дочери морей,"Леди Джайна Праудмур стала лорд-адмиралом Кул-Тираса и нуждается в помощи, чтобы защитить свою родину от Орды.",0,8,53887,0,0
845,Туман войны,"Кул-тирасский флот готовится к нападению на Зулдазар. Чтобы победить, Альянс должен провести отвлекающий маневр в Назмире и заставить Орду и зандаларов отвести армии прочь от столицы.",0,8,54485,0,0
847,Цена победы,"Альянс разгромил флот зандаларов и убил короля Растахана, но цена победы была очень высока.",0,8,54183,0,0
848,Побег из Тол Дагора,"Сильвана Ветрокрылая приказала освободить Присциллу Эшвейн из Тол Дагора. Она считает, что Эшвейн располагает информацией, жизненно необходимой для осуществления ее плана. Кроме того, это позволит добыть ресурсы для Орды.",0,8,54179,0,0
849,Ограбление сокровищницы,"Ордынцы выкрали Скипетр глубин – артефакт, способный уничтожить флот Кул-Тираса. Если Альянс его не вернет, операция по захвату Зулдазара будет обречена на провал.",0,8,54510,0,0
851,Горнило Штормов,,0,8,0,0,0
853,Классовое средство передвижения: жрец,,0,8,0,0,0
856,В темнейшую ночь,,0,8,0,0,0
858,Традиционные доспехи гномов,,0,8,0,0,0
860,Наследие тауренов,,0,8,0,0,0
862,Никогда не охоться в одиночку,,0,8,0,0,0
863,Francesco Test Quest Line,,0,8,0,0,0
864,Кровавые Врата,,0,8,0,0,0
868,Профессиональные инструменты: гаечный уб3р-ключ,,0,8,0,0,0
869,Профессиональные инструменты: гаечный уб3р-ключ,,0,8,0,0,0
870,8.1.5 War Campaign - Horde - Chapter 01 - TSH,,0,8,0,0,0
873,Испытание лояльности,"Бейн Кровавое Копыто воспротивился намерениям использовать Дерека Праудмура в качестве оружия против Альянса, и просит вас помочь ему в освобождении пленника.",0,8,54999,0,0
880,Решимость вестника,,0,8,0,0,0
881,Темные последствия,Сильвана собрала совет глав Орды в крепости Клыка Войны. Вам поручено обеспечить безопасность в прилегающей области до ее прибытия.,0,8,55051,0,0
884,Реликвия темных следопытов,,0,8,0,0,0
886,Ловушка Азшары,,0,8,0,0,0
887,Ювелирное дело (8.1.5) – Альянс,,0,8,0,0,0
888,Ювелирное дело (8.1.5) – Орда,,0,8,0,0,0
889,Ювелирное дело (8.1.5) – Алтарь моря,,0,8,0,0,0
890,Ювелирное дело (8.1.5) – Алтарь сумерек,,0,8,0,0,0
892,Ювелирное дело (8.1.5) – Алтарь песков,,0,8,0,0,0
893,Ювелирное дело (8.1.5) – Алтарь природы,,0,8,0,0,0
894,Ювелирное дело (8.1.5) – Алтарь штормов,,0,8,0,0,0
895,Ювелирное дело (8.1.5) – Алтарь рассвета,,0,8,0,0,0
896,Кузнечное дело (8.1.5) – Альянс,,0,8,0,0,0
897,Кузнечное дело (8.1.5) – Орда,,0,8,0,0,0
898,Кузнечное дело (8.1.5) – Альянс/Орда,,0,8,0,0,0
899,Алхимия (8.1.5) – Альянс,,0,8,0,0,0
900,Алхимия (8.1.5) – Орда,,0,8,0,0,0
901,Начертание (8.1.5) – Альянс,,0,8,0,0,0
902,Начертание (8.1.5) – Орда,,0,8,0,0,0
903,Начертание (8.1.5) – Альянс/Орда,,0,8,0,0,0
904,Портняжное дело (8.1.5) – Альянс,,0,8,0,0,0
905,Портняжное дело (8.1.5) – Орда,,0,8,0,0,0
906,Портняжное дело (8.1.5) – Альянс/Орда,,0,8,0,0,0
907,8.1.5 Leatherworking - Alliance,,0,8,0,0,0
908,8.1.5 Leatherworking - Horde,,0,8,0,0,0
909,8.1.5 Enchanting - Alliance,,0,8,0,0,0
910,8.1.5 Enchanting - Horde,,0,8,0,0,0
911,8.1.5 Enchanting - Alliance/Horde,,0,8,0,0,0
912,Сущность наших снов,,0,8,0,0,0
916,Союзники Альянса: култирасцы,,0,8,0,0,0
917,Союзники Альянса,,0,8,0,0,0
918,Союзники Орды,,0,8,0,0,0
919,Союзники Орды: зандалары,,0,8,0,0,0
920,8.2 Heart - HoA Progression - Level I,,0,8,0,0,0
921,Сторож брату моему,"Пока Джайна Праудмур решала оставшиеся вопросы с леди Эшвейн, ей пришло нежданное письмо от Бейна Кровавого Копыта.",0,8,55045,0,0
922,Надвигающаяся буря,"В Долине Штормов сильно возросла активность Орды, там явно затевается что-то крупное. Разведчикам Альянса поручили выяснить, в чем заключаются планы врага.",0,8,55090,0,0
923,Усиление Сердца,,0,8,0,0,0
924,Рыбная ловля в Мехагоне,,0,8,0,0,0
925,Создание транспорта,,0,8,0,0,0
926,Пропавшая экспедиция,,0,8,0,0,0
929,8.1.5 Leatherworking - Alliance - Classic Content,,0,8,0,0,0
930,8.1.5 Leatherworking - Alliance - Legion Content,,0,8,0,0,0
931,8.1.5 Leatherworking - Horde - Classic Content,,0,8,0,0,0
932,8.1.5 Leatherworking - Horde - Legion Content,,0,8,0,0,0
933,8.2 Heart - Blue Gem,,0,8,0,0,0
934,8.2 Heart - HoA Progression - Level II,,0,8,0,0,0
935,Как приручить дикорога,,0,8,0,0,0
938,Новый поворот событий,,0,8,0,0,0
939,Глубины Назжатара,,0,8,0,0,0
940,Экспедиция в Мехагон,,0,8,0,0,0
941,Экспедиция в Мехагон,,0,8,0,0,0
942,Тайны моря,,0,8,0,0,0
943,Тайны моря,,0,8,0,0,0
944,Завести друга,,0,8,0,0,0
945,Бескрылое искупление,,0,8,0,0,0
947,По следам Черного принца,,0,8,0,0,0
948,Келия Закат Луны,,0,8,0,0,0
949,Добро пожаловать в Назжатар,,0,8,0,0,0
950,Кузня Созидания,,0,8,0,0,0
951,Союзники во мраке,,0,8,0,0,0
952,Улучшения для всех,,0,8,0,0,0
953,Ржавоболтская энергия,,0,8,0,0,0
954,Кустарная механика,,0,8,0,0,0
955,8.2 Professions - Tier Gear Spell Focus - (A),,0,8,0,0,0
956,8.2 Professions - Tier Gear Spell Focus - (H),,0,8,0,0,0
957,Традиционные доспехи воргенов,,0,8,0,0,0
958,В тени алых крыльев,,0,8,0,0,0
959,Эксперименты Заряжалкинсов,,0,8,0,0,0
960,Инженерные проекты,,0,8,0,0,0
961,Сила синих драконов,,0,8,0,0,0
962,Визит Милуны,,0,8,0,0,0
963,Визит Мокси,,0,8,0,0,0
964,Визит Лиги исследователей,,0,8,0,0,0
965,Визит МОЗГа,,0,8,0,0,0
966,Визит Коленорезов Разака,,0,8,0,0,0
967,Визит Уолтона Шестернутого,,0,8,0,0,0
968,Визит Хроми,,0,8,0,0,0
969,Визит Пенни Поппинстук,,0,8,0,0,0
970,Визит жуткого капитана де Мезы,,0,8,0,0,0
971,Визит архивариуса Битбайта,,0,8,0,0,0
972,Отложенная казнь,"Узнав о предстоящей казни Бейна Кровавое Копыто, король Андуин Ринн попросил вас присоединиться к отряду храбрецов, готовых проникнуть в Оргриммар и спасти вождя тауренов.",0,8,0,0,0
973,Отложенная казнь,"Узнав о предстоящей казни Бейна Кровавое Копыто, Лор'темар попросил вас присоединиться к отряду храбрецов, готовых проникнуть в Оргриммар и спасти вождя тауренов в нарушение приказа вождя.",0,8,0,0,0
974,Визит тортолланов,,0,8,0,0,0
975,Новый поворот событий,,0,8,0,0,0
976,8.2 Heart - HoA Progression - Level III,,0,8,0,0,0
977,8.3 Heart - HoA Progression - Level IV,,0,8,0,0,0
978,Институт пчеловодства,,0,8,0,0,0
979,Визит Пропеллерза,,0,8,0,0,0
980,Конфликт в Мехагоне,,0,8,0,0,0
981,Визит Джепетто Таратора,,0,8,0,0,0
982,Конфликт в Мехагоне,,0,8,0,0,0
983,Двигатель Налак'ша,,0,8,0,0,0
984,Сущность Дозорных Времени,,0,8,0,0,0
985,Добро пожаловать в Ревендрет,,0,8,0,0,0
992,Могу у ворот,,0,8,0,0,0
994,Владыка,,0,8,0,0,0
995,Обвинительница,,0,8,0,0,0
996,Охота Покаяния,,0,8,0,0,0
997,Традиционные доспехи гоблинов,,0,8,0,0,0
998,Безумный герцог,,0,8,0,0,0
1000,Союзники Альянса: механогномы,,0,8,0,0,0
1001,Зов вечности,,0,8,0,0,0
1002,Добро пожаловать в Арденвельд,,0,8,0,0,0
1003,Выйти из круга,"Для Орды наступили трудные времена. Пока тень Н'Зота восстает из тьмы, и вождь Сильвана, и верховный воевода Саурфанг созывают всех, кто верен их представлениям об Орде.",0,8,0,0,0
1004,Выйти из круга,Н'Зот вернулся в наш мир. Король Ринн призвал вас отказаться от вражды с Ордой во благо всего Азерота и выступить на стороне верховного воеводы Саурфанга против Сильваны Ветрокрылой.,0,8,0,0,0
1005,Принц Ренатал,,0,8,0,0,0
1006,Спасение Побегов,,0,8,0,0,0
1008,Помощь Тирна Ваалу,,0,8,0,0,0
1009,Угроза богомолов,,0,8,0,0,0
1010,Covenant Hall Intro,,0,8,0,0,0
1011,Лощина Духов,,0,8,0,0,0
1012,Сквозь тьму,,0,8,0,0,0
1014,Среди кирий,,0,8,0,0,0
1015,8.3 Pet Dungeon,,0,8,0,0,0
1016,Наступление акиров,,0,8,0,0,0
1017,Борьба с грехом,,0,8,0,0,0
1018,Господство,,0,8,0,0,0
1022,Добро пожаловать в Назжатар,,0,8,0,0,0
1023,Ловушка Азшары,,0,8,0,0,0
1024,Алчность,"Куратор, Жнец Алчности, владычица Катакомб",0,8,0,0,0
1025,Погибшее Древо,,0,8,0,0,0
1026,Коронованный принц,,0,8,0,0,0
1027,Видения Дремлющей,,0,8,0,0,0
1028,Шепот во тьме,,0,8,0,0,0
1029,Тайна аматетов,,0,8,0,0,0
1030,Возвращение Черного принца,,0,8,0,0,0
1031,8.3 Professions - Tier Gear Spell Focus - (A),,0,8,0,0,0
1032,8.3 Professions - Tier Gear Spell Focus - (H),,0,8,0,0,0
1033,Пробуждение Дремлющей,,0,8,0,0,0
1035,Сила смерти растет,,0,8,0,0,0
1036,Колокольный звон,,0,8,0,0,0
1038,Владыка лжи,,0,8,0,0,0
1039,Желание,"Графиня, Жнец Желания, владычица Замкового Предела",0,8,0,0,0
1040,Сеть зеркал,,0,8,0,0,0
1041,Зависть,"Казначей, Жнец Зависти, владыка Тихого Предела",0,8,0,0,0
1042,Союзники Орды,,0,8,0,0,0
1055,Горнило претендентов,,0,8,0,0,0
1056,Храм Чистоты,,0,8,0,0,0
1057,Чемпион Театра Боли,,0,8,0,0,0
1058,Дом Избранных,,0,8,0,0,0
1059,Повелительница шпионов,,0,8,0,0,0
1060,Дом Кадавров,,0,8,0,0,0
1061,Дом Чумы,,0,8,0,0,0
1062,Ритуал проклятых,,0,8,0,0,0
1063,Пустующий трон,,0,8,0,0,0
1064,Дочь Ночной Воительницы,,0,8,0,0,0
1065,Грехопад,"Грехопад, заставка оплота ковенанта вентиров",0,8,0,0,0
1066,Храм Отваги,,0,8,0,0,0
1068,На все воля Архонта,,0,8,0,0,0
1069,Двор Жнецов,,0,8,0,0,0
1070,Пропавшая экспедиция,,0,8,0,0,0
1071,Ужасные гарпии,,0,8,0,0,0
1072,В тихом омуте,,0,8,0,0,0
1073,Классическое обучение,,0,8,0,0,0
1074,Классическое обучение,,0,8,0,0,0
1075,Классическое обучение,,0,8,0,0,0
1076,Классическое обучение,,0,8,0,0,0
1077,Классическое обучение,,0,8,0,0,0
1078,Классическое обучение,,0,8,0,0,0
1079,Классическое обучение,,0,8,0,0,0
1080,Классическое обучение,,0,8,0,0,0
1081,Классическое обучение,,0,8,0,0,0
1082,Классическое обучение,,0,8,0,0,0
1083,В цитадель Темного Молота,,0,8,0,0,0
1087,Верность Примасу,,0,8,0,0,0
1088,Дом Глаз,,0,8,0,0,0
1089,Уцелевшие души,,0,8,0,0,0
1090,Испытание перерожденных,,0,8,0,0,0
1091,"Фест, Творец Вечности",,0,8,0,0,0
1092,Печать Раскаяния,,0,8,0,0,0
1093,Сосуд Арденвельда,,0,8,0,0,0
1094,Все ближе,,0,8,0,0,0
1096,Праведная месть,,0,8,0,0,0
1098,За королеву и рощу!,,0,8,0,0,0
1099,Проклятие Ночной Воительницы,,0,8,0,0,0
1100,Рогатый Охотник,,0,8,0,0,0
1101,Большой босс,,0,8,0,0,0
1102,Сделка с лоа,,0,8,0,0,0
1103,Друсты и пепел,,0,8,0,0,0
1104,Друст к друсту,,0,8,0,0,0
1107,Пропавшая экспедиция,,0,8,0,0,0
1108,Расколотое небо,День 1 – цепочка заданий Темных Земель,0,0,0,0,0
1109,Поиски воспоминания,,0,8,0,0,0
1112,Дом Ритуалов,,0,8,0,0,0
1113,Демилич,,0,8,0,0,0
1114,Лич-отступник,,0,8,0,0,0
1115,Дом Ритуалов,,0,8,0,0,0
1116,Наплечья Примаса,,0,8,0,0,0
1117,Особые просьбы Балмедара,,0,8,0,0,0
1118,Штурм дома Ритуалов,,0,8,0,0,0
1119,Не забывай,,0,8,0,0,0
1120,Золотой рассвет,,0,8,0,0,0
1121,Ставки греха,,0,8,0,0,0
1123,Возвращение в Утробу,,0,8,0,0,0
1125,Увядающая роща,,0,8,0,0,0
1126,Мерцающие высоты,,0,8,0,0,0
1127,Верный путь,,0,8,0,0,0
1128,Неопределенная участь,,0,8,0,0,0
1129,Неопределенная участь,,0,8,0,0,0
1130,Возвращение Плети,,0,8,0,0,0
1131,9.0 Bastion - World Quests (For Broadcast Text Linkage) - GJC,,0,8,0,0,0
1132,Путь Перерождения,,0,8,0,0,0
1133,Вести с войны,,0,8,0,0,0
1134,Великий угон некрополя,,0,8,0,0,0
1135,Прибытие в Темные Земли,,0,8,0,0,0
1136,Торгаст,,0,8,0,0,0
1137,Выбор ковенанта,,0,8,0,0,0
1138,Взгляд во Тьму,,0,8,0,0,0
1139,Королевский зимний сад,,0,8,0,0,0
1140,Судьбоносное видение,,0,8,0,0,0
1141,Грязные дела,,0,8,0,86994,0
1142,Долг дуэлянтки,,0,8,0,86994,0
1143,Гиблотопь,,0,8,0,86994,0
1144,Окончательное искупление,,0,8,0,86994,0
1145,Подати Темного Приюта,,0,8,0,86994,0
1146,Изготовитель зеркал Владыки,,0,8,0,86994,0
1147,Откровения Света,,0,8,0,86994,0
1148,В память об Агфии,,0,8,0,86994,0
1149,Копье Каллиопы,,0,8,0,86994,0
1150,Прайд или машина,,0,8,0,86994,0
1151,"Не в службу, а в дружбу",,0,8,0,86994,0
1152,Разыскивается: Темнокрылая,,0,8,0,86994,0
1153,РАЗЫСКИВАЕТСЯ: Ненасытноклювая,,0,8,0,86994,0
1154,Разыскивается: измененная часовая,,0,8,0,86994,0
1155,Укрепление Бастиона,,0,8,0,0,0
1156,Театр Боли,,0,8,0,86994,0
1157,Охрана архивов,,0,8,0,86994,0
1158,Смешивание чудовищ,,0,8,0,86994,0
1159,Работа в пустоши,,0,8,0,86994,0
1160,Сборы в Малдраксусе,,0,8,0,0,0
1161,Когда горм пожирает бога,,0,8,0,86994,0
1162,Проблемы в загоне гормлингов,,0,8,0,86994,0
1163,Хитроумные спригганы,,0,8,0,86994,0
1164,Зловещий камень,,0,8,0,86994,0
1165,Коварный план,,0,8,0,86994,0
1167,Нужны припасы,,0,8,0,86994,0
1168,Помощь Арденвельду,,0,8,0,0,0
1169,Театр Боли: требуется помощь,,0,8,0,86994,0
1170,Разыскивается: ключ дома Глаз,,0,8,0,5703,0
1171,Разыскивается: оценщик Викс,,0,8,0,86994,0
1172,Помощь Ревендрету,,0,8,0,0,0
1174,Пропустить время,,0,8,0,0,0
1175,Помощь Темным Землям,,0,8,0,87734,0
1176,Аниматор аниматерии,,0,8,0,86994,0
1177,Сила слов,,0,8,0,86994,0
1178,Охотничьи трофеи,,0,8,0,86994,0
1180,РАЗЫСКИВАЕТСЯ: Бледный Рок,,0,8,0,86994,0
1181,РАЗЫСКИВАЕТСЯ: призыватель Марцелис,,0,8,0,86994,0
1182,РАЗЫСКИВАЕТСЯ: каратель Кристоф,,0,8,0,86994,0
1183,РАЗЫСКИВАЕТСЯ: лорд Дарион,,0,8,0,86994,0
1184,РАЗЫСКИВАЕТСЯ: герцог Антон,,0,8,0,86994,0
1185,Ночной рынок,,0,8,0,86994,0
1186,Принудительное раскаяние,,0,8,0,86994,0
1187,Смертельная тризна: участь идеала,,0,8,0,86994,0
1188,Тирна Скитт: тревожная тишина,,0,8,0,86994,0
1189,Судьба Авеля,,0,8,0,86994,0
1190,Борьба с инквизицией,,0,8,0,86994,0
1191,РАЗЫСКИВАЕТСЯ: Агрегат Рока,,0,8,0,86994,0
1192,Борьба с чудовищами,,0,8,0,86994,0
1193,Колокол Памяти,,0,8,0,86994,0
1194,Безмятежные пруды,,0,8,0,86994,0
1195,Список для чтения,,0,8,0,86994,0
1196,Пепельный двор,,0,8,0,86994,0
1197,Choosing Your Purpose (DNT),,0,8,0,0,0
1199,Остров Солнечного Скитальца,,0,8,0,0,0
1200,Новые правила,,0,8,0,0,0
1201,Среди кирий,,0,8,0,0,0
1202,Covenant Hall Intro,,0,8,0,0,0
1203,За Королеву и рощу!,,0,8,0,0,0
1204,Грехопад,"Sinfall, Venthyr Covenant Hall Intro",0,8,0,0,0
1205,За Королеву и рощу!,,0,8,0,0,0
1206,Транспортная сеть,,0,8,0,0,0
1207,Приключения,,0,8,0,0,0
1208,Проводник анимы,,0,8,0,0,0
1209,Путь Перерождения,,0,8,0,0,0
1210,Торгаст,,0,8,0,0,0
1211,Боец Грехопада,,0,8,0,0,0
1212,Боец некролордов,,0,8,0,0,0
1213,Боец кирий,,0,8,0,0,0
1214,Боец ночного народца,,0,8,0,0,0
1216,Рыцари крови,,0,8,0,0,0
1217,Плутовское путешествие,,0,8,0,0,0
1218,Новый путь,,0,8,0,0,0
1219,Битва за Арденвельд,,0,8,0,0,0
1220,Незримые гости,"Глава ""Повелители ужаса против вентиров""",0,8,0,0,0
1221,Сила ночи,,0,8,0,0,0
1222,Последняя печать,,0,8,0,0,0
1223,Изготовитель зеркал Владыки,,0,8,0,0,0
1224,Армия из стали и костей,,0,8,0,0,0
1225,Пилигримы Утробы,,0,8,0,0,0
1226,Североземье,,0,8,0,0,0
1227,Долина Испытаний,,0,8,0,0,0
1228,Это может быть кто угодно,,0,8,0,0,0
1234,Фокусировка взгляда,,0,8,0,0,0
1235,Тайный рынок Тазавеш,,0,8,0,0,0
1236,Архивариусы Кортии,,0,8,0,0,0
1237,Наверстываем!,,0,8,0,5703,0
1238,Утроба,,0,8,0,5703,0
1239,Наверстываем!,,0,8,0,5703,0
1240,Наверстываем!,,0,8,0,5703,0
1241,Наверстываем!,,0,8,0,5703,0
1242,Торгаст,,0,8,0,5703,0
1243,Торгаст,,0,8,0,5703,0
1244,Торгаст,,0,8,0,5703,0
1245,Торгаст,,0,8,0,5703,0
1246,Заставка обновления,,0,8,0,5703,0
1247,Кампания обновления,,0,8,0,5703,0
1248,Что нас ждет,,0,8,0,0,0
1250,В поисках понимания,,0,8,0,0,0
1251,Украденные припасы для питомцев,,0,8,0,0,0
1252,Медальон Гнева,Медальон Гнева,0,8,0,0,0
1253,Боец кирий,,0,8,0,0,0
1254,Боец некролордов,,0,8,0,0,0
1255,Боец ночного народца,,0,8,0,0,0
1256,Боец Грехопада,,0,8,0,0,0
1257,Пропустить время,,0,8,0,0,0
1258,Корона воли,,0,8,0,0,0
1259,Шкатулка многих тайн,,0,8,0,0,0
1260,Начнем сначала,,0,8,0,0,0
1261,Колыбель воинов,,0,24,0,0,0
1262,Прокладывая новый путь,,0,8,0,0,0
1264,Цель и средства,,0,8,0,0,0
1265,Навстречу неизвестности,,0,8,0,0,0
1266,Вперед с боем,,0,8,0,0,0
1267,Вступительные задания Утробы,,0,8,0,5703,0
1268,Наблюдения за победами,,0,8,0,0,0
1269,Преодолевая Башню Проклятых,,0,8,0,0,0
1270,Гимнасий вирнов,,0,24,0,0,0
1271,Черная Чешуя,,0,24,0,0,0
1272,Целительные Крылья,,0,24,0,0,0
1274,Ледокаменное хранилище,,0,24,0,0,0
1275,Гнев пожирательницы бурь,,0,24,0,0,0
1276,Обсидиановые Хранители,,0,24,0,0,0
1277,Джиро – герой!,,0,8,0,0,0
1284,Эпилог: правосудие,,0,8,0,0,0
1285,Последняя песня,,0,8,0,0,0
1286,Дар королевы,,0,8,0,0,0
1287,Заставка обновления,,0,8,0,0,0
1288,Шифры Предвечных,,0,8,0,0,0
1289,Драконья экспедиция,Цепочка заданий на Драконьих островах: 1 день,123544,24,0,0,0
1290,"Что посеешь, то и пожнешь",,0,8,0,0,0
1291,Альтернативные взгляды,,0,8,0,0,0
1293,Новый архитектор,,0,8,0,0,0
1294,Возвращение в Лордерон,,0,8,0,0,0
1295,Возвращение в Лордерон,,0,8,0,0,0
1296,Хлопоты с малышами,,0,8,0,0,0
1297,Воды Приюта,,0,8,0,0,0
1299,Драконы в беде,,0,24,0,0,0
1300,Защита жизни,,0,24,0,0,0
1301,Гамбит Гневиона,,0,24,0,0,0
1302,Новое предназначение,,0,24,0,0,0
1303,На равнины,,0,24,0,0,0
1304,Марукай,,0,24,0,0,0
1305,Благословение Он'ары,,0,24,0,0,0
1306,Окрепшие узы,,0,24,0,0,0
1308,Сад секретов,,0,24,0,112734,0
1309,Дремлющая,,0,24,0,112734,0
1310,"Вальдраккен, город драконов",,0,24,0,0,0
1311,Темные Когти,,0,24,0,0,0
1314,В Архивы,,0,24,0,0,0
1315,Вактрос,,0,24,0,0,0
1316,Прогнившие корни,,0,24,0,0,0
1317,Заботы клыкарров,,0,24,0,0,0
1323,Знаменитый искатель приключений,,0,24,0,0,0
1324,Управление временем,,0,24,0,0,0
1325,Важная цель,,0,24,0,112740,0
1331,Что скрывают титаны,1-я главы известности Драконьей экспедиции,0,24,0,112732,0
1333,Первый камень клятвы,,0,8,0,0,0
1358,Введение в полеты на драконах,,0,0,0,0,0
1359,[DEPRECATED],,0,8,0,0,0
1362,Долг вождя,,0,24,0,112733,0
1363,Древние путевые врата,Транспортная сеть,0,0,0,0,0
1364,Наверстываем!,,0,0,0,5703,0
1366,Рожденные дикими,,0,0,0,0,0
1367,Посол Драконьих островов,,0,24,0,0,0
1368,Искра искусности,,0,8,0,0,0
1370,Второе испытание Тира,,0,0,0,0,0
1371,Третье испытание Тира,,0,0,0,0,0
1372,Четвертое испытание Тира,,0,0,0,0,0
1373,Высвобождение искры,,0,0,0,0,0
1374,В залах титанов,2-я главы известности Драконьей экспедиции,0,24,0,112732,0
1375,Профессии,,0,0,0,0,0
1376,Обсидиановая цитадель – альтернативный пропуск,,0,0,0,0,0
1377,Последнее пристанище Тира,,0,24,0,112740,0
1378,Адамантия,,0,8,0,0,0
1379,Традиционные доспехи людей,,0,8,0,0,0
1380,Известность у Драконьей экспедиции,,0,0,0,0,0
1381,Известность у кентавров Маруук,,0,0,0,0,0
1382,Известность у искарских клыкарров,,0,0,0,0,0
1383,Известность у союза Вальдраккена,,0,0,0,0,0
1384,В залах титанов,2-я главы известности Драконьей экспедиции,0,0,0,0,0
1385,Долг вождя,,0,0,0,0,0
1386,Что скрывают титаны,1-я главы известности Драконьей экспедиции,0,0,0,0,0
1387,Сад секретов,,0,0,0,0,0
1388,Дремлющая,,0,0,0,0,0
1389,Важная цель,,0,0,0,0,0
1390,Искра искусности,,0,0,0,0,0
1391,Традиционные доспехи Отрекшихся,,0,8,0,0,0
1392,Раскалывание земли,,0,24,0,0,0
1393,Расколотое наследие,,0,24,0,0,0
1394,Древняя сделка,,0,24,0,0,0
1395,Унаследованный грех,,0,24,0,0,0
1396,Неизбежная конфронтация,,0,24,0,0,0
1397,Потушенное пламя,,0,24,0,0,0
1398,Тайный склеп,,0,24,0,0,0
1399,Глава 2A – Лес Хрустальной Песни,,0,24,0,112736,0
1400,Глава 2B – Терамор,,0,24,0,112736,0
1401,Глава 3A – Пиратская Бухта,,0,24,0,112736,0
1402,Глава 3B – Нефритовый лес,,0,24,0,112736,0
1403,Глава 3C – Зимние Ключи,,0,24,0,112736,0
1404,Снова едины,,0,24,0,112736,0
1405,10.0 Pre-Patch [DNT],,0,0,0,0,0
1406,10.0 Faction Swap Protection [DNT],,0,0,0,0,0
1407,Старая вражда,,0,0,0,0,0
1408,Таблички пробудителей,,0,0,0,5703,0
1409,Драконьи артефакты,,0,0,0,5703,0
1410,Знаки благословения,,0,0,0,0,0
1411,Чудо-рыба,,0,0,0,5703,0
1412,Таинственные записи,,0,0,0,5703,0
1413,Разделенная колыбель,,0,24,0,0,0
1416,Дополнительное событие: праздничные задания,,0,8,0,0,0
1418,Неистовство бури,,0,0,0,5703,0
5348,Вечный покой Таресгосы,,0,0,0,0,0
5349,Кампания синих драконов,,0,0,0,0,0
5352,"Наз'уро, Высвобожденное Наследие",,0,0,0,0,0
5353,Драконы и Драконья экспедиция,"На отряд Драконьей экспедиции напали. Помогите им и двум драконам, которые пролетали мимо и остановились вылечить раненых",0,0,0,0,0
5354,"Возвращение в Запретный край: задания для пропуска (ненастоящая цепочка заданий, используется для пропуска)",,0,0,0,0,0
5355,Лазурный Простор – глава 1,,0,0,0,0,0
5356,"Разделенная колыбель: задания для пропуска (ненастоящая цепочка заданий, используется для пропуска)",,0,0,0,0,0
5357,Традиционные доспехи орков,,0,8,0,0,0
5358,11.0 Delves - AI Companion - Season 1,,0,8,0,0,0
5359,Зкерские хранилища,,0,0,0,0,0
5360,10.1 Upgrade System Tutorial,,0,0,0,0,0
5366,Пропавшая экспедиция,,110289,8,0,0,0
5367,Темный ритуал,,110288,8,0,0,0
5368,Возвращение мятежников,,0,8,0,112738,0
5369,Пропавшая экспедиция,,110301,8,0,0,0
5370,Темный ритуал,,110302,8,0,0,0
5371,Тайны долины Штормов,,0,8,0,0,0
5372,Беда в Тирагардском поморье,"Заключив союз с островным Кул-Тирасом, мы получим их легендарный флот – и преимущество перед Ордой.",0,8,0,0,0
5373,Темные дни Друствара,,0,8,0,0,0
5374,Кампания в Зандаларе,Налаживание отношений с Кул-Тирасом идет хорошо. Однако Орда собирается заключить союз с зандаларами и заручиться поддержкой их мощной армии. Этого нельзя допустить.,0,8,0,0,0
5375,Добро пожаловать в Назжатар,,0,8,0,0,0
5376,Добро пожаловать в Мехагон,,0,8,0,0,0
5377,Видения Н'Зота,,0,8,0,0,0
5378,Закрепиться на плацдарме,Налаживание отношений с Кул-Тирасом идет хорошо. Однако Орда собирается заключить союз с зандаларами и заручиться поддержкой их мощной армии. Этого нельзя допустить.,0,8,0,0,0
5379,Сердце Азерот,"Магни принес дар, но вместе с ним и ужасную весть: Азерот гибнет.",0,8,51211,0,0
5380,Закрепиться на плацдарме,Налаживание отношений с Кул-Тирасом идет хорошо. Однако Орда собирается заключить союз с зандаларами и заручиться поддержкой их мощной армии. Этого нельзя допустить.,0,8,0,0,0
5381,Союз пламени,,0,24,0,0,0
5382,Разрыв порочного круга,Н'Зот вернулся в наш мир. Король Ринн призвал вас отказаться от вражды с Ордой во благо всего Азерота и выступить на стороне верховного воеводы Саурфанга против Сильваны Ветрокрылой.,0,8,0,0,0
5383,Некоторые неприятные вещи,,0,8,0,0,0
5384,Добро пожаловать в Мехагон,,0,8,0,0,0
5385,Добро пожаловать в Назжатар,,0,8,0,0,0
5386,Видения Н'Зота,,0,8,0,0,0
5387,Разрыв порочного круга,"Для Орды наступили трудные времена. Пока тень Н'Зота восстает из тьмы, и вождь Сильвана, и верховный воевода Саурфанг созывают всех, кто верен их представлениям об Орде.",110189,8,0,0,0
5388,Закрепиться на плацдарме,,0,8,0,0,0
5389,Переполох в Зулдазаре,,109925,8,0,0,0
5390,Затеряться в Назмире,,109924,8,0,0,0
5391,Дюны Вол'дуна,,0,8,0,0,0
5394,Драконьи камни,,0,0,0,0,0
5395,Холодная долина,,0,8,0,0,0
5396,Тенистая долина,,0,8,0,0,0
5397,Искра пламени Тьмы,,0,0,0,0,0
5398,Gnomeregan,,0,8,0,0,0
5399,Традиционные доспехи ночных эльфов,,0,8,0,0,0
5400,Величие гориллы,,0,8,0,0,0
5401,Когда других не осталось,,0,8,0,0,0
5402,Крааль боевых ящеров,,0,8,0,0,0
5403,Извлечение окаменелостей,,0,8,0,0,0
5404,Долина Аммен,,0,8,0,0,0
5405,Союзники Альянса,,0,8,0,0,0
5406,Похоронный Звон,,0,8,0,0,0
5407,Плато Красного Облака,,0,8,0,0,0
5408,Рассвет Бесконечности,,0,0,0,0,0
5409,Новости Жемчужной отмели,,0,8,0,0,0
5410,Затонувший город,,0,8,0,0,0
5411,Охота с Эрнестуэем,,0,8,0,0,0
5413,Кровавая трапеза,,0,8,0,0,0
5414,Бвонсамди,,0,8,0,0,0
5416,Предложение Зардакса,,0,8,0,0,0
5417,"Урок, гроза топей",,0,8,0,0,0
5418,Сетракийская кухня,,0,8,0,0,0
5419,Вот это ямы,,0,8,0,0,0
5420,Головоломка крога,,0,8,0,0,0
5421,Извлечь выгоду,,0,8,0,0,0
5422,Утолить голод,,0,8,0,0,0
5423,Причуды Эшвейн,,0,8,0,0,0
5424,Чемпион арены,,0,8,0,0,0
5425,Двор Зак'ражана,,0,8,0,0,0
5426,"Таверна ""Золотой клык""",,0,8,0,0,0
5427,Порт Зем'лана,,0,8,0,0,0
5428,Сетракийская крепость,,0,8,0,0,0
5429,Гнев Кимбула,,0,8,0,0,0
5430,Echo Isles,,0,8,0,0,0
5431,Крепость Серого Камня,,0,8,0,0,0
5432,Погружение в пещеру,,0,8,0,0,0
5433,Убежище в горах,,0,8,0,0,0
5434,Мое!,,0,8,0,0,0
5435,Гора изо льда,,0,8,0,0,0
5436,Суматоха на лесопилке,,0,8,0,0,0
5437,Песнь сирен,,0,8,0,0,0
5439,Порт Трюмных Вод,,0,8,0,0,0
5440,Гавань мясников,,0,8,0,0,0
5441,Руины Друствара,,0,8,0,0,0
5442,Соколиный Холм,,0,8,0,0,0
5443,Пещеры троггов,,0,8,0,0,0
5444,Часовня Друствара,,0,8,0,0,0
5445,Судьба Корлейна,,0,8,0,0,0
5446,Рыбацкая хижина,,0,8,0,0,0
5447,Чаепитие,,0,8,0,0,0
5448,Ритуалы плетения,,0,8,0,0,0
5449,Пещера контрабандистов,,0,8,0,0,0
5450,Смертельный улов,,0,8,0,0,0
5451,Только не пчелы!,,0,8,0,0,0
5452,Два Жернова,,0,8,0,0,0
5453,Анклав Алого ордена,,0,8,0,0,0
5454,Пятая сущность,"Пробудители открыли для себя третью специализацию, тем самым освободив возможного союзника... или врага.",0,8,0,0,0
5455,Возрождение Стражей Тира,,0,24,0,0,0
5456,Погружение в сон,,0,24,0,0,0
5458,Добро пожаловать в Штормград,,111460,8,0,0,0
5459,Добро пожаловать в Оргриммар,,111463,8,0,0,0
5460,Око Изеры,,0,24,0,0,0
5461,Кампания в Изумрудном Сне,,0,8,0,0,0
5462,Фир'алат Воздаятель Снов,,0,8,0,0,0
5464,Примирение,,0,0,0,0,0
5465,Сон о полях в огне,,0,24,0,0,0
5466,Азеротские Архивы: обучение,,0,0,0,5703,0
5467,Test Trivial Campaign Line,,0,8,0,0,0
5468,Азеротские Архивы: места раскопок,,0,0,0,5703,0
5469,Азеротские Архивы: места для техногадания,,0,0,0,5703,0
5470,Азеротские Архивы: исследовательская база и завершение,,0,0,0,5703,0
5471,Друиды пламени,,0,24,0,0,0
5472,Лед и огонь,,0,24,0,0,0
5473,Новое начало,,0,24,0,0,0
5474,Отчужденные драконы,,0,0,0,0,0
5475,Испытание Аз-Кахета,,0,0,0,0,0
5476,Возвращение Тира,,0,24,0,112740,0
5477,"Надежда, забота, терпение",,0,0,0,0,0
5478,Лагерь насыщения,,0,0,0,0,0
5480,Предзаказ 11.0,,0,0,0,0,0
5482,Ярость или стыд?,,0,8,0,113552,0
5483,Древко из симбиотических мерцающих спор,,0,0,0,0,0
5484,Пергамент высшего знания,,0,0,0,0,0
5485,Руна уз тьмы,,0,0,0,0,0
5487,11.0 Delves - Fungarian 01 - (STM),,0,8,0,0,0
5488,Нефритовый лес,,0,8,0,0,0
5489,Долина Четырех Ветров,,0,8,0,0,0
5490,Красарангские джунгли,,0,8,0,0,0
5491,Вершина Кунь-Лай,,0,8,0,0,0
5492,Танлунские степи,,0,8,0,0,0
5493,Жуткие пустоши,,120393,8,0,0,0
5494,Нефритовый лес,,0,8,0,0,0
5495,Красарангские джунгли,,0,8,0,0,0
5496,Вершина Кунь-Лай,,0,8,0,0,0
5497,"Операция ""Заслон""",,0,8,0,0,0
5498,Возрождение Стражей Тира,,0,0,0,0,0
5499,Армия Покорителей,,0,8,0,0,0
5500,Войска Похитителей Солнца,,0,8,0,0,0
5501,Армия Кирин-Тора,,0,8,0,0,0
5502,Эскалация,,0,8,0,0,0
5503,Осада Оргриммара,,0,8,0,0,0
5504,Традиционные доспехи троллей Черного Копья,,0,8,0,0,0
5505,Обучение версии 10.2,,0,0,0,0,0
5506,Один план за другим,,0,24,0,0,0
5508,Бронзовый мир,,0,0,0,0,0
5509,Путеземье,Локальный сюжет о достопримечательностях Путеземья,0,72,0,0,0
5510,Искра снов,,0,0,0,0,0
5511,Возвращение Гилнеаса,Помогите гилнеасцам победить Алый орден и вернуть свой город!,0,8,0,0,0
5512,Корнеплод проблемы,,0,72,0,0,0
5513,Видения Азерот,,0,24,0,0,0
5514,Азеротские Архивы: повторяемые локальные задания,Container for all the WQs associated with Azerothian Archives in 10.2.5,0,0,0,0,0
5515,Техногадание: Обсерватория Согласия,Охватывает разовые задания на техногадание в Обсерватории Согласия,0,0,0,0,0
5516,Техногадание: Дозор Игиры,Охватывает разовые задания на техногадание в Дозоре Игиры,0,0,0,0,0
5517,Техногадание: остров Драконьих Черепов,Охватывает разовые задания на техногадание на острове Драконьих Черепов,0,0,0,0,0
5519,Охота на Предвестницу,,121895,24,0,0,0
5520,Друзья в темноте,,0,24,0,0,0
5521,Сброшенные путы,,0,24,0,0,0
5522,Свет в уделе Велхана,,0,72,0,0,0
5523,Связующие узы,Max level chapter1 for zone 1,0,24,0,0,0
5524,Семь солдат,,0,72,0,0,0
5525,Земные разломы,,0,24,0,0,0
5526,Надежда в единстве,,0,24,0,0,0
5527,Дилемма сироты,,0,72,0,0,0
5528,Азеротские Архивы,,0,0,0,0,0
5529,Путеводная звезда,,0,24,0,0,0
5530,Тьма сгущается,,0,24,0,0,0
5531,Машины идут на войну,This Questline holds Chapter 3 (Zone 2) of the Max Level Campaign.,0,24,0,0,0
5532,Дотянуться до небес,,0,72,0,0,0
5533,В сиянии свечи,,0,24,0,0,0
5534,Темные откровения,,0,24,0,0,0
5535,Монстр и машина,,0,24,0,0,0
5536,Путешествия во времени: Mists of Pandaria,,117532,24,0,0,0
5537,10.2.6 Upgrade System Tutorial,,0,0,0,0,0
5538,Возвращение Гилнеаса,Помогите гилнеасцам победить Алый орден и вернуть свой город!,0,8,0,0,0
5539,Критический момент,,0,24,0,0,0
5540,Первая атака,,0,24,0,0,0
5541,Торги с Ммарлом,,0,72,0,0,0
5542,Долгожданный покой,,0,72,0,0,0
5543,Работа в стоках,,0,72,0,0,0
5544,Новости из глубин,"This is the 2nd chapter of the max level campaign, in Zone 5.",0,24,0,0,0
5545,Столп-гнездо кошмаров,,0,72,0,0,0
5546,Введение в полеты на драконах,,0,16,0,0,0
5547,Сестринские грехи,,0,0,0,0,0
5548,Peter's Test Questline,Простая цепочка заданий для тестирования!,0,0,0,0,0
5549,Орден Облачного Змея,,0,0,0,0,0
5550,Свет среди тьмы,,0,24,0,0,0
5551,Превозмогая течение,,0,24,0,0,0
5552,Последний маг Тайносводья,,0,72,0,0,0
5556,Ежедневные задания клакси,,0,0,0,0,0
5557,Осада Оргриммара,,0,8,0,0,0
5558,Агент подземного мира,,0,8,0,0,0
5559,Второй фронт,"Арати готовят второй фронт в месте, где их дирижабль влип во вражескую паутину.",0,72,0,0,0
5560,11.0 Вылазки – системы,,0,8,0,0,0
5561,11.0 Upgrade System Tutorial,,0,16,0,0,0
5562,Все хорошее...,Помогите Ферин Лотар и Монти Газлоу отразить натиск королевы на Тайносводье.,0,72,0,0,0
5563,Стальной взгляд,,0,72,0,0,0
5564,Аз-Кахет – локальные/повторяемые задания,,0,0,0,0,0
5565,Червивый край,,0,72,0,0,0
5566,Лазурный Простор,,122650,24,0,0,0
5567,Расколотое наследие Ануб'азала,"Задания, связанные с получением дурной славы для генерала.",0,0,0,0,0
5568,Берега Пробуждения,,122657,24,0,0,0
5569,Равнины Он'ары,,122661,24,0,0,0
5570,Тальдразус,,122662,24,0,0,0
5571,Братство в лесу Скольцгал,,0,0,0,0,0
5572,Посол Каз Алгара,,0,8,0,0,0
5573,Отрезанные нити,,0,0,0,0,0
5574,Неслучайная разлука,,0,72,0,0,0
5575,Тайносводье – локальные/повторяемые задания,,0,0,0,0,0
5576,Время Хроми – Burning Crusade (цепочка заданий),,0,0,0,0,0
5577,Время Хроми – Burning Crusade (цепочка заданий),,0,0,0,0,0
5578,Время Хроми – Wrath of the Lich King цепочка заданий),,0,0,0,0,0
5579,Время Хроми – Wrath of the Lich King цепочка заданий),,0,0,0,0,0
5580,Время Хроми – Катаклизм (цепочка заданий),,0,0,0,0,0
5581,Время Хроми – Катаклизм (цепочка заданий),,0,0,0,0,0
5582,Время Хроми – Mists of Pandaria (цепочка заданий),,0,0,0,0,0
5583,Время Хроми – Mists of Pandaria (цепочка заданий),,0,0,0,0,0
5584,Время Хроми – Warlords of Draenor (цепочка заданий),,0,0,0,0,0
5585,Время Хроми – Warlords of Draenor (цепочка заданий),,0,0,0,0,0
5586,Время Хроми – Legion (цепочка заданий),,0,0,0,0,0
5587,Время Хроми – Legion (цепочка заданий),,0,0,0,0,0
5588,Гулкие глубины – локальные/повторяемые задания,,0,0,0,0,0
5589,Остров Дорн – локальные задания,,0,0,0,0,0
5590,Жизнь всегда побеждает,Локальный сюжет о достопримечательностях Трех щитов,0,72,0,0,0
5591,Опаловая скала,Локальный сюжет о достопримечательностях Опаловой скалы,0,72,0,0,0
5592,Эпилог,Finale for 11.0,0,0,0,0,0
5593,Новые пробуждения,Начальные задания земельников,0,16,0,0,0
5594,11.0 Delves - zzOLD,,0,8,0,0,0
5595,11.0 Delves - Kobolds,,0,8,0,0,0
5596,Стихийное исцеление,,0,72,0,0,0
5597,Сломанные инструменты,,0,72,0,0,0
5598,Страхобой,,0,72,0,0,0
5600,Секреты шелка,Шелководство – локальный сюжет,0,72,0,0,0
5601,Надежда – обман,,0,72,0,0,0
5602,Морская пучина,,0,72,0,0,0
5603,"То, что растет во тьме",,0,72,0,0,0
5604,Отрезанные нити,,0,0,0,0,0
5605,Меррикс и Сталежил,,0,72,0,0,0
5606,Скорбный подъем,,0,72,0,0,0
5607,Бремя долга,,0,72,0,0,0
5608,Затерянные во тьме,,0,72,0,0,0
5609,Воспоминания о небе,,0,72,0,0,0
5610,Приорат,,0,72,0,0,0
5611,Плановые работы,,0,72,0,0,0
5612,Терапия Подсолнушка,,0,72,0,0,0
5613,Пешки и марионетки,,0,72,0,0,0
5614,В поисках истины,,0,24,0,0,0
5615,Долой оковы,,0,24,0,0,0
5617,Проблемы с доверием,,0,24,0,0,0
5618,Мелодия безумия,,0,72,0,0,0
5619,Буйство в руднике Нибельгаз,,0,72,0,0,0
5620,Смотрительница террасы Брунвина,,0,72,0,0,0
5621,Месть в Рокочущих пустошах,,0,72,0,0,0
5622,Шалости в Смрадном гроте,,0,72,0,0,0
5623,Извлечение из глубин,,0,72,0,0,0
5624,Ужасы в гнезде,,0,72,0,0,0
5625,Вторжение ядовитых,,0,72,0,0,0
5626,Утомительный отдых,,0,72,0,0,0
5627,Культура и интеграция кобольдов,,0,72,0,0,0
5628,Подозрительные соседи,,0,72,0,0,0
5630,Последние тени,,0,24,0,0,0
5631,Крысиные истории,,0,72,0,136064,0
5632,Все ради удобства,,0,0,0,0,0
5633,Вылазки – 1-й сезон,,0,0,0,0,0
5634,Тайные эдикты,,0,72,0,0,0
5635,Опасности острова Дорн,,0,0,0,0,0
5637,Рыбоборье в Тайносводье,,0,0,0,0,0
5638,Даларан – таверна,,0,0,0,0,0
5639,(DNT) Campaign,,0,0,0,0,0
5640,(DNT) Legendary,,0,0,0,0,0
5641,Дилемма с Галаджио,,0,72,0,136064,0
5642,Идеальная свадьба,,0,72,0,136064,0
5643,Список задач,,0,0,0,0,0
5644,Лагерь в дебрях,,0,72,0,0,0
5645,Таинственный шеф-повар,,0,72,0,0,0
5646,Шелковый квартал,,0,72,0,0,0
5647,Столп-гнездо Вос,,0,72,0,0,0
5648,Рак-Уш,,0,72,0,0,0
5649,Скорбная Прядильщица,,0,72,0,0,0
5650,11.0 Вылазки – путь развития персонажа – (STM),,0,0,0,0,0
5651,Каменное сердце,,0,72,0,0,0
5652,Титаническое приключение,,0,72,0,0,0
5653,Угроза грибостражей,,0,72,0,0,0
5654,Магмамания,,0,72,0,0,0
5655,Путь в туман,,0,72,0,0,0
5656,Тайны Гундаргаза,,0,0,0,0,0
5657,Mists of Pandaria,,125592,0,0,0,0
5658,[DNT] Weaver Treasure Quests - Zone Map,,0,0,0,0,0
5659,Опасности в слизнырянии,,0,72,0,136064,0
5660,Авторское право,,0,72,0,136064,0
5661,В Нижнюю Шахту,,0,24,0,0,0
5662,Па-аберегись!,,0,72,0,136064,0
5663,Воздушный рейд,,0,72,0,136064,0
5664,Чародейские руины,,0,8,0,0,0
5666,Сила после краха,,0,8,0,0,0
5668,Мятежный запал,,0,24,0,0,0
5669,Каджамитовый секрет,,0,72,0,136064,0
5670,"Зона 3, нашейное украшение, 1",,0,16,0,0,0
5671,"Зона 3, нашейное украшение, 2",,0,16,0,0,0
5672,"Зона 3, нашейное украшение, 3",,0,16,0,0,0
5674,[DNT] General Treasure Quests - Zone Map,,0,0,0,0,0
5675,[DNT] Vizier Treasure Quests - Zone Map,,0,0,0,0,0
5676,Приключения ждут,,0,16,0,0,0
5677,Еженедельные сокровища пактов,,0,0,0,0,0
5678,Ржаво-зеленый рыцарь,,0,72,0,136064,0
5679,[DNT] Notoriety Tracking Quests - Weaver Tiers,,0,0,0,0,0
5680,[DNT] Notoriety Tracking Quests - General Tiers,,0,0,0,0,0
5681,[DNT] Notoriety Tracking Quests - Vizier Tiers,,0,0,0,0,0
5685,Обесцененная собственность,,0,72,0,136064,0
5686,Гоблинпис,"Здесь размещены задания ""Гоблинписа""",0,72,0,136064,0
5687,Нижняя Шахта – локальные/повторяемые задания,,0,0,0,0,0
5692,11.0 Вылазки – Спутник-ИИ – 2-й сезон,,0,8,0,0,0
5694,Возвращение домой,,0,24,0,0,0
5698,Вылазки – 2-й сезон,,0,0,0,0,0
5700,Гонки в небесах,,0,0,0,0,0
5709,Важные задания,,0,8,0,0,0
5710,Нюхательный бизнес,,0,8,0,117222,0
5711,Гулкие глубины – еженедельные задания,,0,8,0,127836,0
5712,[DNT] Notoriety/Pacts - Tracking Quests,,0,0,0,0,0
5716,Убить королеву,,0,88,0,0,0
5731,11.1 Вылазки – системы,,0,8,0,0,0
5732,Песнь о тайнах,,0,8,0,0,0
5736,Предел Здравомыслия,,0,72,0,136064,0
5741,Машина прогресса,Цепочка заданий с ГОЛЕМом,0,72,0,136064,0
5745,11.0.7 Остров Сирен – ключевое задание (MDE),,0,0,0,0,0
5767,Еженедельные задания острова Сирен,,0,0,0,0,0
5768,Возвращение в жуткие видения,,0,0,0,0,0
5772,"И доставим, и разгрузим",,0,24,0,136064,0
5775,Задачи КРОТа,,0,0,0,0,0
5776,Мусорный бизнес,,0,24,0,136064,0
5799,Обучение версии 11.0,,0,16,0,0,0
5900,Повторяемые задания Нижней Шахты,,0,24,0,136064,0
